{
  "version": 1,
  "width": 60,
  "height": 26,
  "duration": 173805.65240600001,
  "command": null,
  "title": null,
  "env": {
    "TERM": "xterm-256color",
    "SHELL": null
  },
  "stdout": [
    [
      0.060137999999999997,
      "$ "
    ],
    [
      29.287500000000001,
      "x"
    ],
    [
      0.037610999999999999,
      "f"
    ],
    [
      173771.81555900001,
      "\b \b"
    ],
    [
      0.33781,
      "\b \b"
    ],
    [
      2.6019299999999999,
      "e"
    ],
    [
      0.29072399999999998,
      "x"
    ],
    [
      0.17990700000000001,
      "i"
    ],
    [
      0.215609,
      "t"
    ],
    [
      0.82482699999999998,
      "\r\n"
    ]
  ]
}