{
  "version": 1,
  "width": 80,
  "height": 37,
  "duration": 137.717669,
  "command": null,
  "title": null,
  "env": {
    "TERM": "xterm-256color",
    "SHELL": null
  },
  "stdout": [
    [
      0.048744000000000003,
      "$ "
    ],
    [
      4.1252430000000002,
      "c"
    ],
    [
      0.20321800000000001,
      "d"
    ],
    [
      0.33320899999999998,
      " "
    ],
    [
      0.26153799999999999,
      "s"
    ],
    [
      0.191525,
      "r"
    ],
    [
      0.20522199999999999,
      "c"
    ],
    [
      0.22612699999999999,
      "/"
    ],
    [
      1.3405400000000001,
      "R"
    ],
    [
      0.38520199999999999,
      "\t"
    ],
    [
      1.086624,
      "\b\b\b\b\b\b"
    ],
    [
      0.27592100000000003,
      "\b \b"
    ],
    [
      0.17383499999999999,
      "\b \b"
    ],
    [
      0.24845200000000001,
      "\b \b"
    ],
    [
      0.22950599999999999,
      "\b \b"
    ],
    [
      0.158863,
      "\b \b"
    ],
    [
      0.24954299999999999,
      "\b \b"
    ],
    [
      0.19918,
      "\b \b"
    ],
    [
      0.14313400000000001,
      "\b \b"
    ],
    [
      0.88839999999999997,
      "a"
    ],
    [
      0.21661,
      "s"
    ],
    [
      0.19967199999999999,
      "h"
    ],
    [
      0.91481800000000002,
      "\b \b"
    ],
    [
      0.18545500000000001,
      "\b \b"
    ],
    [
      0.33461999999999997,
      "\b \b"
    ],
    [
      0.84414299999999998,
      "b"
    ],
    [
      0.306363,
      "a"
    ],
    [
      0.33515200000000001,
      "s"
    ],
    [
      0.247279,
      "h"
    ],
    [
      1.0209889999999999,
      "\r\n"
    ],
    [
      0.056063000000000002,
      "$ "
    ],
    [
      1.3797809999999999,
      "x"
    ],
    [
      0.292877,
      "d"
    ],
    [
      0.51015500000000003,
      " "
    ],
    [
      0.50191600000000003,
      "s"
    ],
    [
      0.31834000000000001,
      "r"
    ],
    [
      0.409744,
      "c"
    ],
    [
      1.017239,
      "/"
    ],
    [
      1.256446,
      "R"
    ],
    [
      0.419132,
      "o"
    ],
    [
      0.43657400000000002,
      "\u0007"
    ],
    [
      1.1085609999999999,
      "u"
    ],
    [
      0.41621399999999997,
      "\u0007"
    ],
    [
      1.0296529999999999,
      "\b\u001b[K"
    ],
    [
      0.23025899999999999,
      "\b\u001b[K"
    ],
    [
      0.20283899999999999,
      "\b\u001b[K"
    ],
    [
      0.91515800000000003,
      "t"
    ],
    [
      0.61899199999999999,
      "o"
    ],
    [
      0.27741399999999999,
      "d"
    ],
    [
      0.156053,
      "o"
    ],
    [
      0.37422100000000003,
      "/"
    ],
    [
      1.3888389999999999,
      "R"
    ],
    [
      0.41170200000000001,
      "o"
    ],
    [
      0.3483,
      "u"
    ],
    [
      0.39213500000000001,
      "\u0007"
    ],
    [
      1.1475029999999999,
      "\u0007"
    ],
    [
      1.323118,
      "\b\u001b[K"
    ],
    [
      0.203207,
      "\b\u001b[K"
    ],
    [
      0.20267299999999999,
      "\b\u001b[K"
    ],
    [
      0.66095400000000004,
      "\b\u001b[K"
    ],
    [
      0.203537,
      "\b\u001b[K"
    ],
    [
      0.172761,
      "\b\u001b[K"
    ],
    [
      0.15806200000000001,
      "\b\u001b[K"
    ],
    [
      0.161327,
      "\b\u001b[K"
    ],
    [
      0.14399899999999999,
      "\b\u001b[K"
    ],
    [
      0.17352100000000001,
      "\b\u001b[K"
    ],
    [
      0.142566,
      "\b\u001b[K"
    ],
    [
      0.14530199999999999,
      "\b\u001b[K"
    ],
    [
      0.14317199999999999,
      "\b\u001b[K"
    ],
    [
      0.23669999999999999,
      "\b\u001b[K"
    ],
    [
      0.28118300000000002,
      "\b\u001b[K"
    ],
    [
      1.1011660000000001,
      "e"
    ],
    [
      0.26063700000000001,
      "x"
    ],
    [
      0.28595900000000002,
      "y"
    ],
    [
      1.032697,
      "\b\u001b[K"
    ],
    [
      0.29359800000000003,
      "i"
    ],
    [
      0.20011999999999999,
      "t"
    ],
    [
      0.63578999999999997,
      "\r\nexit\r\n$ "
    ],
    [
      0.77967399999999998,
      "b"
    ],
    [
      0.192742,
      "a"
    ],
    [
      0.20880699999999999,
      "s"
    ],
    [
      0.183281,
      "h"
    ],
    [
      0.30453200000000002,
      " "
    ],
    [
      0.36664799999999997,
      "-"
    ],
    [
      0.98206899999999997,
      "l"
    ],
    [
      0.50479600000000002,
      "\r\n"
    ],
    [
      0.048613999999999997,
      "bash: cd: src/repo: No such file or directory\r\n"
    ],
    [
      3.2881469999999999,
      "\r\n"
    ],
    [
      3.4183970000000001,
      "\u001b[32m~ Asciicast recording started.\u001b[0m\r\n\u001b[32m~ Hit Ctrl-D or type \"exit\" to finish.\u001b[0m\r\n"
    ],
    [
      0.046903,
      "$ "
    ],
    [
      65.354900000000001,
      "p"
    ],
    [
      0.247336,
      "w"
    ],
    [
      0.26122400000000001,
      "d"
    ],
    [
      0.869869,
      "\r\n/data/data/com.termux/files/home/src/repo\r\n$ "
    ],
    [
      1.8085789999999999,
      "c"
    ],
    [
      0.187444,
      "d"
    ],
    [
      0.174815,
      " "
    ],
    [
      0.27655099999999999,
      "."
    ],
    [
      0.158161,
      "."
    ],
    [
      0.67305000000000004,
      "/"
    ],
    [
      0.459814,
      "."
    ],
    [
      0.89576800000000001,
      "\b \b"
    ],
    [
      0.410611,
      "t"
    ],
    [
      0.13142300000000001,
      "o"
    ],
    [
      0.12687000000000001,
      "d"
    ],
    [
      0.15038399999999999,
      "o"
    ],
    [
      0.82645800000000003,
      "\r\n$ "
    ],
    [
      0.96070800000000001,
      "."
    ],
    [
      0.35838399999999998,
      "/"
    ],
    [
      0.38538600000000001,
      "m"
    ],
    [
      0.202324,
      "o"
    ],
    [
      0.47372399999999998,
      "\t"
    ],
    [
      1.14317,
      "\t"
    ],
    [
      2.1134499999999998,
      "^C\r\n$ "
    ],
    [
      0.98738700000000001,
      "e"
    ],
    [
      0.247422,
      "x"
    ],
    [
      0.12945799999999999,
      "i"
    ],
    [
      0.20983299999999999,
      "t"
    ],
    [
      0.62719999999999998,
      "\r\n"
    ],
    [
      0.086641999999999997,
      "\u001b[32m~ Asciicast recording finished.\u001b[0m"
    ],
    [
      0.0029870000000000001,
      "\r\n"
    ],
    [
      0.25181900000000002,
      "\r\n"
    ],
    [
      0.00076900000000000004,
      "*** Please tell me who you are.\r\n\r\nRun"
    ],
    [
      0.000368,
      "\r\n\r\n  git config --global user.email \"you@example.com\"\r\n  git config --global user.name \"Your Name\"\r\n\r\nto set your account's default identity.\r\nOmit --global to set the identity only in this repository.\r\n\r\n"
    ],
    [
      0.00018699999999999999,
      "fatal: unable to auto-detect email address (got 'u0_a144@localhost.(none)')\r\n"
    ],
    [
      0.00331,
      "$ "
    ],
    [
      5.637988,
      "e"
    ],
    [
      0.27391199999999999,
      "x"
    ],
    [
      0.146255,
      "i"
    ],
    [
      0.206702,
      "t"
    ],
    [
      0.57236500000000001,
      "\r\n"
    ]
  ]
}