{
  "version": 1,
  "width": 80,
  "height": 37,
  "duration": 80.899744999999996,
  "command": null,
  "title": null,
  "env": {
    "TERM": "xterm-256color",
    "SHELL": null
  },
  "stdout": [
    [
      0.046524000000000003,
      "$ "
    ],
    [
      65.354951999999997,
      "p"
    ],
    [
      0.24737000000000001,
      "w"
    ],
    [
      0.26130900000000001,
      "d"
    ],
    [
      0.86985599999999996,
      "\r\n/data/data/com.termux/files/home/src/repo\r\n$ "
    ],
    [
      1.8079320000000001,
      "c"
    ],
    [
      0.188058,
      "d"
    ],
    [
      0.17485999999999999,
      " "
    ],
    [
      0.27611200000000002,
      "."
    ],
    [
      0.15854199999999999,
      "."
    ],
    [
      0.67316200000000004,
      "/"
    ],
    [
      0.46090700000000001,
      "."
    ],
    [
      0.89462299999999995,
      "\b \b"
    ],
    [
      0.41013300000000003,
      "t"
    ],
    [
      0.13116,
      "o"
    ],
    [
      0.127272,
      "d"
    ],
    [
      0.150755,
      "o"
    ],
    [
      0.82641399999999998,
      "\r\n$ "
    ],
    [
      0.96072100000000005,
      "."
    ],
    [
      0.35827799999999999,
      "/"
    ],
    [
      0.385465,
      "m"
    ],
    [
      0.20228399999999999,
      "o"
    ],
    [
      0.47367500000000001,
      "\t"
    ],
    [
      1.143227,
      "\t"
    ],
    [
      2.1134089999999999,
      "^C\r\n$ "
    ],
    [
      0.98748599999999997,
      "e"
    ],
    [
      0.24682200000000001,
      "x"
    ],
    [
      0.13003100000000001,
      "i"
    ],
    [
      0.20913399999999999,
      "t"
    ],
    [
      0.62748800000000005,
      "\r\n"
    ]
  ]
}