{
  "version": 1,
  "width": 80,
  "height": 36,
  "duration": 4.1995769999999997,
  "command": null,
  "title": null,
  "env": {
    "TERM": "screen",
    "SHELL": "/data/data/com.termux/files/usr/bin/bash"
  },
  "stdout": [
    [
      0.069987999999999995,
      "$ "
    ],
    [
      2.2367750000000002,
      "e"
    ],
    [
      0.39339000000000002,
      "x"
    ],
    [
      0.42404399999999998,
      "i"
    ],
    [
      0.43990800000000002,
      "t"
    ],
    [
      0.63344900000000004,
      "\r\nexit\r\n"
    ]
  ]
}