{
  "version": 1,
  "width": 30,
  "height": 14,
  "duration": 2095120.1220720001,
  "command": null,
  "title": null,
  "env": {
    "TERM": "xterm-256color",
    "SHELL": null
  },
  "stdout": [
    [
      0.058311000000000002,
      "$ "
    ],
    [
      1.355502,
      "b"
    ],
    [
      0.12976199999999999,
      "a"
    ],
    [
      0.35597600000000001,
      "g"
    ],
    [
      0.73180699999999999,
      "\b \b"
    ],
    [
      0.22034699999999999,
      "s"
    ],
    [
      0.18820700000000001,
      "h"
    ],
    [
      0.51356400000000002,
      "\r\n"
    ],
    [
      0.062148000000000002,
      "$ "
    ],
    [
      2095109.191935,
      "\r\u001b[K$ "
    ],
    [
      0.010283,
      "\r\u001b[K$ "
    ],
    [
      0.116146,
      "\r\u001b[K$ "
    ],
    [
      0.025340000000000001,
      "\r\u001b[K$ "
    ],
    [
      2.6596299999999999,
      "s"
    ],
    [
      0.017471,
      "l"
    ],
    [
      0.44663199999999997,
      "\b\u001b[K"
    ],
    [
      0.25701099999999999,
      "\b\u001b[K"
    ],
    [
      0.50785199999999997,
      "e"
    ],
    [
      0.199603,
      "x"
    ],
    [
      0.16306100000000001,
      "i"
    ],
    [
      0.20488600000000001,
      "t"
    ],
    [
      0.31908700000000001,
      "\r\nexit\r\n"
    ],
    [
      0.00051000000000000004,
      "$ "
    ],
    [
      1.0774619999999999,
      "e"
    ],
    [
      0.30310199999999998,
      "x"
    ],
    [
      0.33528200000000002,
      "i"
    ],
    [
      0.22964599999999999,
      "t"
    ],
    [
      0.44083099999999997,
      "\r\n"
    ]
  ]
}